25.680000,17.925000,10.170000,14.120000,18.400000,9.200000,3.360000,67.137200
25.630000,17.865000,10.100000,14.080000,18.360000,9.000000,3.340000,66.775000
25.590000,17.810000,10.030000,14.050000,18.330000,8.800000,3.320000,66.414000
25.560000,17.765000,9.970000,14.020000,18.300000,8.500000,3.290000,66.055700
25.520000,17.720000,9.920000,14.000000,18.280000,8.300000,3.270000,65.701700
25.490000,17.675000,9.860000,13.970000,18.250000,8.100000,3.240000,65.353400
25.460000,17.635000,9.810000,13.950000,18.230000,7.900000,3.220000,65.012200
25.440000,17.605000,9.770000,13.930000,18.210000,7.700000,3.200000,64.679500
25.420000,17.575000,9.730000,13.910000,18.190000,7.500000,3.180000,64.356800
25.400000,17.545000,9.690000,13.900000,18.180000,7.300000,3.160000,64.045400
25.460000,17.600000,9.740000,13.910000,18.210000,7.100000,3.150000,64.074600
25.460000,17.590000,9.720000,13.900000,18.200000,7.000000,3.140000,63.833900
25.460000,17.580000,9.700000,13.880000,18.190000,6.900000,3.140000,63.611600
25.460000,17.570000,9.680000,13.870000,18.190000,6.900000,3.150000,63.409100
25.470000,17.575000,9.680000,13.860000,18.190000,6.900000,3.180000,63.227400
25.490000,17.580000,9.670000,13.860000,18.190000,7.000000,3.230000,63.067600
25.510000,17.595000,9.680000,13.850000,18.200000,7.300000,3.300000,62.930400
25.530000,17.610000,9.690000,13.850000,18.200000,7.600000,3.400000,62.816400
25.560000,17.630000,9.700000,13.840000,18.210000,8.100000,3.510000,62.726200
25.600000,17.660000,9.720000,13.840000,18.230000,8.600000,3.630000,62.660100
25.640000,17.695000,9.750000,13.850000,18.250000,9.200000,3.780000,62.618400
25.700000,17.745000,9.790000,13.850000,18.270000,9.800000,3.930000,62.663500
25.760000,17.805000,9.850000,13.860000,18.300000,10.600000,4.100000,62.730800
25.830000,17.865000,9.900000,13.860000,18.330000,11.400000,4.290000,62.820100
25.900000,17.935000,9.970000,13.870000,18.360000,12.300000,4.480000,62.930900
25.980000,18.010000,10.040000,13.890000,18.400000,13.200000,4.700000,63.062500
26.070000,18.090000,10.110000,13.900000,18.440000,14.200000,4.920000,63.214100
26.150000,18.170000,10.190000,13.920000,18.480000,15.300000,5.160000,63.384600
26.250000,18.265000,10.280000,13.940000,18.530000,16.400000,5.400000,63.572900
26.350000,18.360000,10.370000,13.960000,18.580000,17.600000,5.660000,63.777400
26.450000,18.460000,10.470000,13.980000,18.630000,18.800000,5.930000,63.996800
26.560000,18.570000,10.580000,14.010000,18.690000,20.100000,6.200000,64.227900
26.670000,18.680000,10.690000,14.030000,18.740000,21.400000,6.490000,64.467300
26.780000,18.790000,10.800000,14.070000,18.800000,22.800000,6.780000,64.712300
26.900000,18.910000,10.920000,14.100000,18.870000,24.200000,7.080000,64.960500
27.020000,19.035000,11.050000,14.140000,18.930000,25.600000,7.390000,65.209500
27.140000,19.155000,11.170000,14.170000,18.990000,27.100000,7.700000,65.457200
27.270000,19.290000,11.310000,14.220000,19.070000,28.700000,8.030000,65.701500
27.390000,19.415000,11.440000,14.260000,19.130000,30.300000,8.360000,65.939700
27.520000,19.550000,11.580000,14.310000,19.210000,31.900000,8.690000,66.169200
27.650000,19.685000,11.720000,14.360000,19.280000,33.600000,9.040000,66.387600
27.780000,19.825000,11.870000,14.410000,19.360000,35.400000,9.390000,66.592900
27.900000,19.955000,12.010000,14.470000,19.430000,37.200000,9.750000,66.723500
28.020000,20.085000,12.150000,14.530000,19.510000,39.100000,10.110000,66.837400
28.140000,20.215000,12.290000,14.590000,19.590000,41.100000,10.480000,66.932900
28.260000,20.350000,12.440000,14.660000,19.670000,43.200000,10.850000,67.008600
28.390000,20.490000,12.590000,14.730000,19.750000,45.300000,11.220000,67.063500
28.510000,20.625000,12.740000,14.810000,19.840000,47.500000,11.590000,67.096300
28.630000,20.760000,12.890000,14.890000,19.920000,49.600000,11.960000,67.106200
28.750000,20.905000,13.060000,14.980000,20.010000,51.900000,12.330000,67.045800
28.870000,21.045000,13.220000,15.070000,20.100000,54.200000,12.700000,66.961200
28.990000,21.190000,13.390000,15.170000,20.200000,56.600000,13.080000,66.852100
29.110000,21.335000,13.560000,15.270000,20.290000,59.000000,13.460000,66.719100
29.220000,21.475000,13.730000,15.370000,20.380000,61.500000,13.840000,66.563000
29.340000,21.620000,13.900000,15.480000,20.480000,64.100000,14.230000,66.384400
29.460000,21.765000,14.070000,15.590000,20.580000,66.700000,14.610000,66.183900
29.570000,21.910000,14.250000,15.700000,20.680000,69.400000,15.000000,65.962200
29.690000,22.060000,14.430000,15.820000,20.790000,72.100000,15.400000,65.719900
29.800000,22.200000,14.600000,15.940000,20.890000,74.800000,15.790000,65.457800
29.910000,22.345000,14.780000,16.060000,20.990000,77.600000,16.180000,65.177900
30.020000,22.495000,14.970000,16.180000,21.090000,80.400000,16.580000,64.882400
30.130000,22.640000,15.150000,16.310000,21.200000,83.300000,16.970000,64.573000
30.230000,22.780000,15.330000,16.440000,21.300000,86.100000,17.370000,64.251200
30.330000,22.920000,15.510000,16.570000,21.410000,89.000000,17.770000,63.918400
30.440000,23.065000,15.690000,16.700000,21.510000,92.000000,18.160000,63.575900
30.530000,23.205000,15.880000,16.840000,21.620000,95.000000,18.570000,63.224900
30.630000,23.345000,16.060000,16.970000,21.720000,98.000000,18.970000,62.866600
30.720000,23.480000,16.240000,17.110000,21.830000,101.100000,19.380000,62.502200
30.820000,23.620000,16.420000,17.240000,21.930000,104.300000,19.790000,62.132900
30.900000,23.750000,16.600000,17.380000,22.040000,107.600000,20.210000,61.759800
30.990000,23.880000,16.770000,17.510000,22.140000,111.000000,20.650000,61.430800
31.070000,24.005000,16.940000,17.640000,22.240000,114.600000,21.100000,61.100100
31.140000,24.125000,17.110000,17.770000,22.330000,118.400000,21.570000,60.768600
31.220000,24.250000,17.280000,17.900000,22.430000,122.600000,22.060000,60.437200
31.280000,24.360000,17.440000,18.020000,22.510000,127.000000,22.580000,60.106700
31.350000,24.480000,17.610000,18.150000,22.610000,132.000000,23.150000,59.777600
31.410000,24.590000,17.770000,18.280000,22.700000,137.400000,23.760000,59.450700
31.460000,24.695000,17.930000,18.410000,22.790000,143.000000,24.390000,59.126500
31.520000,24.800000,18.080000,18.540000,22.880000,149.000000,25.050000,58.805500
31.560000,24.900000,18.240000,18.660000,22.960000,155.400000,25.740000,58.488100
31.600000,24.995000,18.390000,18.790000,23.040000,162.000000,26.450000,58.178000
31.630000,25.080000,18.530000,18.910000,23.120000,169.100000,27.200000,57.870900
31.650000,25.165000,18.680000,19.040000,23.200000,176.400000,27.970000,57.566900
31.670000,25.245000,18.820000,19.160000,23.270000,184.000000,28.770000,57.265800
31.690000,25.320000,18.950000,19.280000,23.350000,192.000000,29.600000,56.967700
31.710000,25.400000,19.090000,19.400000,23.420000,200.200000,30.450000,56.672700
31.710000,25.465000,19.220000,19.520000,23.490000,208.700000,31.330000,56.380600
31.720000,25.535000,19.350000,19.640000,23.560000,217.500000,32.230000,56.091700
31.720000,25.600000,19.480000,19.760000,23.630000,226.500000,33.150000,55.805700
31.720000,25.665000,19.610000,19.870000,23.690000,235.800000,34.080000,55.522800
31.710000,25.720000,19.730000,19.990000,23.750000,245.200000,35.040000,55.242700
31.710000,25.780000,19.850000,20.100000,23.820000,254.900000,36.020000,54.965300
31.690000,25.825000,19.960000,20.220000,23.880000,264.700000,37.000000,54.690400
31.680000,25.880000,20.080000,20.330000,23.940000,274.700000,38.010000,54.418000
31.670000,25.930000,20.190000,20.440000,24.000000,284.900000,39.020000,54.147900
31.650000,25.975000,20.300000,20.550000,24.050000,295.100000,40.050000,53.880200
31.630000,26.020000,20.410000,20.650000,24.100000,305.500000,41.080000,53.614800
31.610000,26.065000,20.520000,20.760000,24.160000,316.000000,42.130000,53.351500
31.590000,26.105000,20.620000,20.860000,24.210000,326.500000,43.180000,53.090400
31.570000,26.145000,20.720000,20.970000,24.270000,337.100000,44.230000,52.831400
31.550000,26.185000,20.820000,21.070000,24.320000,347.600000,45.280000,52.574600
31.540000,26.230000,20.920000,21.160000,24.370000,358.100000,46.330000,52.316300
31.520000,26.270000,21.020000,21.260000,24.420000,368.500000,47.370000,52.060100
31.510000,26.310000,21.110000,21.350000,24.470000,378.700000,48.390000,51.806100
31.500000,26.350000,21.200000,21.440000,24.520000,388.600000,49.390000,51.554100
31.480000,26.385000,21.290000,21.530000,24.570000,398.100000,50.360000,51.304000
31.470000,26.425000,21.380000,21.620000,24.620000,407.000000,51.270000,51.055900
31.460000,26.460000,21.460000,21.700000,24.660000,415.700000,52.170000,50.809400
31.450000,26.495000,21.540000,21.780000,24.710000,424.100000,53.040000,50.564600
31.440000,26.530000,21.620000,21.860000,24.750000,432.300000,53.890000,50.321200
31.430000,26.560000,21.690000,21.930000,24.790000,440.200000,54.730000,50.088500
31.420000,26.590000,21.760000,22.000000,24.830000,447.900000,55.540000,49.857000
31.410000,26.620000,21.830000,22.070000,24.870000,455.400000,56.330000,49.626400
31.410000,26.650000,21.890000,22.130000,24.910000,462.700000,57.100000,49.396500
31.400000,26.680000,21.960000,22.190000,24.940000,469.700000,57.860000,49.167000
31.400000,26.710000,22.020000,22.250000,24.980000,476.600000,58.600000,48.937700
31.390000,26.730000,22.070000,22.310000,25.010000,483.200000,59.320000,48.708100
31.390000,26.760000,22.130000,22.360000,25.040000,489.700000,60.020000,48.477900
31.380000,26.780000,22.180000,22.420000,25.070000,496.000000,60.710000,48.246700
31.380000,26.805000,22.230000,22.470000,25.100000,502.100000,61.380000,48.014100
31.380000,26.830000,22.280000,22.520000,25.130000,508.100000,62.040000,47.779500
31.380000,26.855000,22.330000,22.570000,25.170000,514.000000,62.690000,47.542000
31.380000,26.880000,22.380000,22.610000,25.190000,519.700000,63.330000,47.301100
31.380000,26.900000,22.420000,22.660000,25.220000,525.300000,63.960000,47.056000
31.380000,26.925000,22.470000,22.710000,25.250000,530.800000,64.580000,46.806200
31.380000,26.945000,22.510000,22.750000,25.280000,536.300000,65.190000,46.551100
31.380000,26.970000,22.560000,22.800000,25.310000,541.600000,65.790000,46.290100
31.380000,26.990000,22.600000,22.840000,25.330000,546.900000,66.380000,46.022700
31.380000,27.015000,22.650000,22.890000,25.360000,552.200000,66.970000,45.748200
31.380000,27.035000,22.690000,22.930000,25.390000,557.400000,67.550000,45.466100
31.390000,27.060000,22.730000,22.980000,25.420000,562.600000,68.130000,45.175400
31.390000,27.085000,22.780000,23.030000,25.450000,567.800000,68.700000,44.865700
31.390000,27.110000,22.830000,23.080000,25.480000,573.200000,69.270000,44.545600
31.390000,27.135000,22.880000,23.130000,25.520000,578.600000,69.840000,44.214600
31.390000,27.160000,22.930000,23.190000,25.550000,584.200000,70.400000,43.872300
31.390000,27.185000,22.980000,23.240000,25.580000,590.000000,70.970000,43.518300
31.400000,27.220000,23.040000,23.300000,25.620000,596.400000,71.550000,43.152400
31.400000,27.245000,23.090000,23.360000,25.660000,602.900000,72.130000,42.774300
31.400000,27.270000,23.140000,23.410000,25.690000,609.500000,72.700000,42.383900
31.400000,27.300000,23.200000,23.470000,25.730000,616.400000,73.270000,41.981300
31.410000,27.330000,23.250000,23.540000,25.780000,623.400000,73.840000,41.566600
31.410000,27.365000,23.320000,23.600000,25.820000,630.500000,74.400000,41.102400
31.410000,27.395000,23.380000,23.670000,25.860000,637.800000,74.960000,40.626900
31.420000,27.430000,23.440000,23.740000,25.910000,645.200000,75.510000,40.140600
31.420000,27.460000,23.500000,23.810000,25.950000,652.700000,76.060000,39.644200
31.430000,27.500000,23.570000,23.880000,26.000000,660.300000,76.600000,39.138300
31.430000,27.530000,23.630000,23.950000,26.050000,668.000000,77.140000,38.623800
31.440000,27.570000,23.700000,24.020000,26.090000,675.900000,77.670000,38.101700
31.440000,27.600000,23.760000,24.100000,26.150000,683.800000,78.200000,37.572900
31.450000,27.640000,23.830000,24.170000,26.190000,691.800000,78.720000,37.038600
31.450000,27.675000,23.900000,24.250000,26.250000,699.900000,79.240000,36.500000
31.460000,27.710000,23.960000,24.320000,26.290000,708.000000,79.750000,35.959200
31.460000,27.745000,24.030000,24.400000,26.350000,716.200000,80.260000,35.418900
31.470000,27.785000,24.100000,24.470000,26.390000,724.500000,80.770000,34.881000
31.480000,27.820000,24.160000,24.540000,26.440000,732.800000,81.270000,34.347400
31.490000,27.860000,24.230000,24.620000,26.500000,741.100000,81.770000,33.819900
31.490000,27.895000,24.300000,24.690000,26.540000,749.400000,82.270000,33.300300
31.500000,27.930000,24.360000,24.760000,26.590000,757.800000,82.760000,32.790300
31.510000,27.965000,24.420000,24.830000,26.640000,766.000000,83.250000,32.291500
31.520000,28.005000,24.490000,24.900000,26.690000,774.200000,83.730000,31.805700
31.530000,28.040000,24.550000,24.970000,26.740000,782.200000,84.200000,31.335000
31.540000,28.075000,24.610000,25.040000,26.790000,790.000000,84.670000,30.882100
31.550000,28.105000,24.660000,25.100000,26.830000,797.500000,85.130000,30.486300
31.560000,28.140000,24.720000,25.160000,26.870000,804.500000,85.570000,30.111700
31.570000,28.170000,24.770000,25.210000,26.910000,811.000000,85.990000,29.759800
31.590000,28.205000,24.820000,25.270000,26.960000,816.900000,86.400000,29.431900
31.600000,28.235000,24.870000,25.320000,26.990000,821.600000,86.780000,29.129200
31.610000,28.260000,24.910000,25.360000,27.020000,825.500000,87.140000,28.852600
31.630000,28.290000,24.950000,25.410000,27.060000,828.700000,87.480000,28.603100
31.640000,28.315000,24.990000,25.450000,27.090000,831.300000,87.800000,28.381500
31.660000,28.345000,25.030000,25.490000,27.120000,833.200000,88.090000,28.188200
31.670000,28.365000,25.060000,25.520000,27.150000,834.400000,88.370000,28.079600
31.690000,28.390000,25.090000,25.550000,27.170000,835.000000,88.630000,27.999500
31.710000,28.415000,25.120000,25.580000,27.200000,834.900000,88.870000,27.947600
31.730000,28.435000,25.140000,25.600000,27.220000,834.200000,89.090000,27.923300
31.750000,28.460000,25.170000,25.620000,27.240000,833.000000,89.280000,27.926300
31.770000,28.480000,25.190000,25.640000,27.260000,831.100000,89.460000,27.955900
31.790000,28.495000,25.200000,25.650000,27.270000,828.700000,89.620000,28.011600
31.810000,28.515000,25.220000,25.660000,27.280000,825.800000,89.770000,28.092500
31.830000,28.530000,25.230000,25.670000,27.290000,822.300000,89.890000,28.197700
31.850000,28.550000,25.250000,25.680000,27.310000,818.500000,90.000000,28.326500
31.880000,28.570000,25.260000,25.680000,27.320000,814.200000,90.100000,28.476200
31.900000,28.580000,25.260000,25.680000,27.320000,809.500000,90.180000,28.644200
31.920000,28.595000,25.270000,25.680000,27.330000,804.500000,90.260000,28.828600
31.950000,28.615000,25.280000,25.680000,27.340000,799.100000,90.310000,29.027400
31.970000,28.625000,25.280000,25.680000,27.340000,793.500000,90.360000,29.239000
31.990000,28.635000,25.280000,25.680000,27.350000,787.600000,90.400000,29.461900
32.020000,28.650000,25.280000,25.670000,27.350000,781.500000,90.430000,29.694700
32.040000,28.665000,25.290000,25.670000,27.350000,775.100000,90.450000,29.935700
32.060000,28.675000,25.290000,25.660000,27.350000,768.600000,90.460000,30.183700
32.080000,28.685000,25.290000,25.650000,27.350000,762.000000,90.470000,30.437200
32.110000,28.695000,25.280000,25.650000,27.360000,755.300000,90.460000,30.694800
32.130000,28.710000,25.290000,25.650000,27.370000,748.600000,90.450000,30.899400
32.150000,28.720000,25.290000,25.640000,27.370000,741.900000,90.430000,31.105600
32.170000,28.730000,25.290000,25.640000,27.370000,735.400000,90.400000,31.312200
32.190000,28.745000,25.300000,25.640000,27.380000,729.100000,90.370000,31.518200
32.210000,28.755000,25.300000,25.630000,27.380000,723.000000,90.320000,31.722800
32.230000,28.765000,25.300000,25.630000,27.380000,717.800000,90.280000,31.925100
32.240000,28.770000,25.300000,25.630000,27.390000,712.900000,90.220000,32.124200
32.260000,28.780000,25.300000,25.630000,27.390000,708.100000,90.150000,32.319700
32.280000,28.795000,25.310000,25.630000,27.400000,703.400000,90.070000,32.510700
32.300000,28.805000,25.310000,25.620000,27.400000,699.000000,89.980000,32.696900
32.310000,28.810000,25.310000,25.620000,27.400000,694.700000,89.870000,32.872700
32.330000,28.820000,25.310000,25.620000,27.410000,690.500000,89.750000,33.044300
32.340000,28.825000,25.310000,25.620000,27.410000,686.500000,89.620000,33.211600
32.360000,28.835000,25.310000,25.620000,27.410000,682.600000,89.480000,33.374800
32.370000,28.845000,25.320000,25.620000,27.420000,678.700000,89.320000,33.533700
32.380000,28.850000,25.320000,25.620000,27.420000,675.000000,89.150000,33.688500
32.390000,28.855000,25.320000,25.620000,27.420000,671.300000,88.970000,33.838900
32.400000,28.860000,25.320000,25.620000,27.430000,667.700000,88.770000,33.985100
32.410000,28.865000,25.320000,25.620000,27.430000,664.200000,88.570000,34.127000
32.430000,28.875000,25.320000,25.620000,27.440000,660.700000,88.360000,34.264700
32.430000,28.875000,25.320000,25.630000,27.440000,657.300000,88.130000,34.398300
32.440000,28.880000,25.320000,25.630000,27.440000,653.900000,87.900000,34.528000
32.450000,28.885000,25.320000,25.630000,27.450000,650.600000,87.660000,34.654100
32.460000,28.890000,25.320000,25.630000,27.450000,647.300000,87.410000,34.776500
32.470000,28.895000,25.320000,25.630000,27.450000,644.000000,87.160000,34.895400
32.470000,28.895000,25.320000,25.630000,27.450000,640.700000,86.900000,35.010800
32.480000,28.900000,25.320000,25.630000,27.460000,637.500000,86.630000,35.122900
32.490000,28.905000,25.320000,25.630000,27.460000,634.200000,86.350000,35.231500
32.490000,28.905000,25.320000,25.640000,27.470000,631.000000,86.070000,35.337000
32.500000,28.910000,25.320000,25.640000,27.470000,627.900000,85.790000,35.439200
32.500000,28.910000,25.320000,25.640000,27.470000,624.700000,85.490000,35.538100
32.500000,28.910000,25.320000,25.640000,27.470000,621.500000,85.190000,35.639300
32.510000,28.910000,25.310000,25.640000,27.470000,618.400000,84.870000,35.736800
32.510000,28.910000,25.310000,25.640000,27.470000,615.300000,84.550000,35.830900
32.510000,28.910000,25.310000,25.640000,27.470000,612.100000,84.220000,35.921600
32.510000,28.910000,25.310000,25.640000,27.470000,609.000000,83.870000,36.008900
32.520000,28.910000,25.300000,25.630000,27.470000,605.800000,83.510000,36.093100
32.520000,28.910000,25.300000,25.630000,27.470000,602.600000,83.130000,36.174400
32.520000,28.905000,25.290000,25.630000,27.470000,599.400000,82.740000,36.252900
32.520000,28.905000,25.290000,25.630000,27.470000,596.300000,82.340000,36.329100
32.510000,28.895000,25.280000,25.630000,27.470000,593.100000,81.920000,36.403100
32.510000,28.895000,25.280000,25.630000,27.470000,590.000000,81.480000,36.455900
32.510000,28.890000,25.270000,25.620000,27.460000,586.900000,81.030000,36.507300
32.500000,28.880000,25.260000,25.620000,27.460000,583.900000,80.560000,36.557700
32.500000,28.880000,25.260000,25.620000,27.460000,580.800000,80.080000,36.607700
32.490000,28.870000,25.250000,25.610000,27.450000,577.800000,79.580000,36.658000
32.490000,28.865000,25.240000,25.610000,27.450000,574.800000,79.070000,36.709300
32.480000,28.855000,25.230000,25.600000,27.440000,571.900000,78.540000,36.762300
32.470000,28.845000,25.220000,25.600000,27.430000,568.900000,78.000000,36.817800
32.470000,28.840000,25.210000,25.590000,27.430000,566.000000,77.450000,36.876600
32.460000,28.830000,25.200000,25.580000,27.420000,563.100000,76.890000,36.939800
32.450000,28.815000,25.180000,25.580000,27.410000,560.200000,76.310000,37.008800
32.440000,28.805000,25.170000,25.570000,27.400000,557.400000,75.730000,37.085300
32.430000,28.790000,25.150000,25.560000,27.400000,554.500000,75.130000,37.170600
32.420000,28.780000,25.140000,25.550000,27.390000,551.700000,74.530000,37.266200
32.410000,28.765000,25.120000,25.540000,27.380000,548.800000,73.910000,37.373200
32.400000,28.750000,25.100000,25.530000,27.370000,546.000000,73.290000,37.493200
32.390000,28.735000,25.080000,25.520000,27.360000,543.100000,72.660000,37.627200
32.380000,28.720000,25.060000,25.500000,27.340000,540.100000,72.020000,37.776600
32.370000,28.700000,25.030000,25.490000,27.330000,537.100000,71.360000,37.942600
32.360000,28.685000,25.010000,25.470000,27.320000,534.000000,70.700000,38.127300
32.350000,28.665000,24.980000,25.460000,27.310000,530.600000,70.010000,38.332600
32.340000,28.650000,24.960000,25.440000,27.290000,527.100000,69.310000,38.579800
32.330000,28.625000,24.920000,25.420000,27.270000,523.200000,68.580000,38.850600
32.320000,28.605000,24.890000,25.400000,27.260000,518.900000,67.830000,39.146200
32.310000,28.585000,24.860000,25.380000,27.240000,514.300000,67.050000,39.467500
32.300000,28.560000,24.820000,25.350000,27.220000,508.900000,66.220000,39.815500
32.290000,28.535000,24.780000,25.330000,27.200000,503.000000,65.380000,40.190800
32.280000,28.510000,24.740000,25.300000,27.180000,496.600000,64.510000,40.594000
32.270000,28.485000,24.700000,25.270000,27.160000,489.900000,63.610000,41.025600
32.260000,28.455000,24.650000,25.250000,27.140000,482.700000,62.680000,41.485800
32.250000,28.425000,24.600000,25.210000,27.110000,475.100000,61.720000,42.037700
32.240000,28.395000,24.550000,25.180000,27.090000,467.000000,60.740000,42.618000
32.240000,28.370000,24.500000,25.140000,27.060000,458.600000,59.730000,43.226200
32.230000,28.335000,24.440000,25.100000,27.030000,449.700000,58.690000,43.861700
32.220000,28.300000,24.380000,25.060000,27.000000,440.500000,57.630000,44.523700
32.210000,28.260000,24.310000,25.020000,26.980000,430.900000,56.540000,45.211300
32.200000,28.225000,24.250000,24.980000,26.950000,421.000000,55.430000,45.923700
32.190000,28.185000,24.180000,24.930000,26.910000,410.800000,54.300000,46.659500
32.180000,28.145000,24.110000,24.880000,26.870000,400.300000,53.150000,47.417700
32.170000,28.100000,24.030000,24.830000,26.840000,389.500000,51.980000,48.196900
32.160000,28.055000,23.950000,24.780000,26.800000,378.400000,50.790000,48.993900
32.140000,28.005000,23.870000,24.720000,26.760000,367.100000,49.590000,49.805500
32.130000,27.960000,23.790000,24.670000,26.720000,355.600000,48.370000,50.629000
32.120000,27.910000,23.700000,24.610000,26.680000,344.000000,47.140000,51.461900
32.100000,27.855000,23.610000,24.540000,26.630000,332.100000,45.900000,52.302200
32.090000,27.805000,23.520000,24.480000,26.590000,320.100000,44.650000,53.147600
32.070000,27.745000,23.420000,24.410000,26.540000,308.000000,43.400000,53.996200
32.050000,27.685000,23.320000,24.340000,26.490000,295.800000,42.130000,54.845800
32.030000,27.625000,23.220000,24.270000,26.440000,283.600000,40.870000,55.694600
32.010000,27.560000,23.110000,24.190000,26.380000,271.300000,39.600000,56.540500
31.990000,27.495000,23.000000,24.110000,26.320000,259.100000,38.340000,57.381300
31.970000,27.425000,22.880000,24.030000,26.260000,247.000000,37.080000,58.151900
31.940000,27.355000,22.770000,23.940000,26.200000,235.000000,35.840000,58.913300
31.910000,27.280000,22.650000,23.850000,26.130000,223.300000,34.620000,59.663800
31.880000,27.200000,22.520000,23.760000,26.060000,212.000000,33.430000,60.401700
31.850000,27.120000,22.390000,23.660000,25.990000,201.000000,32.260000,61.125800
31.810000,27.035000,22.260000,23.560000,25.920000,191.000000,31.160000,61.834600
31.770000,26.945000,22.120000,23.450000,25.840000,181.500000,30.090000,62.527000
31.730000,26.855000,21.980000,23.340000,25.750000,172.300000,29.050000,63.201900
31.690000,26.760000,21.830000,23.230000,25.670000,163.400000,28.030000,63.858300
31.650000,26.665000,21.680000,23.110000,25.590000,155.000000,27.040000,64.495300
31.600000,26.555000,21.510000,22.980000,25.490000,146.900000,26.080000,65.085800
31.540000,26.440000,21.340000,22.850000,25.390000,139.100000,25.140000,65.657300
31.490000,26.325000,21.160000,22.710000,25.290000,131.700000,24.220000,66.209800
31.430000,26.205000,20.980000,22.570000,25.180000,124.600000,23.330000,66.743100
31.370000,26.085000,20.800000,22.420000,25.070000,117.800000,22.450000,67.257200
31.300000,25.955000,20.610000,22.280000,24.960000,111.300000,21.590000,67.752000
31.240000,25.830000,20.420000,22.120000,24.850000,105.000000,20.750000,68.227500
31.170000,25.695000,20.220000,21.970000,24.730000,99.100000,19.920000,68.683700
31.100000,25.560000,20.020000,21.810000,24.610000,93.300000,19.100000,69.120700
31.030000,25.425000,19.820000,21.640000,24.490000,87.800000,18.290000,69.538600
30.950000,25.280000,19.610000,21.480000,24.360000,82.600000,17.480000,69.938200
30.880000,25.140000,19.400000,21.310000,24.240000,77.500000,16.670000,70.320300
30.800000,24.995000,19.190000,21.140000,24.110000,72.600000,15.860000,70.685600
30.720000,24.850000,18.980000,20.970000,23.990000,68.000000,15.060000,71.034500
30.640000,24.700000,18.760000,20.800000,23.860000,63.500000,14.260000,71.367400
30.550000,24.550000,18.550000,20.620000,23.720000,59.300000,13.450000,71.684400
30.470000,24.400000,18.330000,20.450000,23.600000,55.300000,12.670000,71.985900
30.380000,24.245000,18.110000,20.270000,23.460000,51.400000,11.900000,72.272100
30.290000,24.095000,17.900000,20.100000,23.330000,47.700000,11.160000,72.543100
30.210000,23.945000,17.680000,19.920000,23.200000,44.200000,10.430000,72.798900
30.120000,23.795000,17.470000,19.750000,23.070000,40.900000,9.730000,73.039300
30.030000,23.645000,17.260000,19.580000,22.940000,37.700000,9.040000,73.291300
29.940000,23.500000,17.060000,19.420000,22.820000,34.600000,8.370000,73.527900
29.850000,23.355000,16.860000,19.250000,22.690000,31.700000,7.720000,73.748900
29.760000,23.210000,16.660000,19.090000,22.570000,28.800000,7.090000,73.954500
29.670000,23.065000,16.460000,18.930000,22.450000,26.200000,6.520000,74.144400
29.580000,22.920000,16.260000,18.770000,22.330000,23.400000,5.960000,74.318900
29.490000,22.780000,16.070000,18.610000,22.210000,20.800000,5.440000,74.477700
29.390000,22.635000,15.880000,18.450000,22.080000,18.400000,4.950000,74.621000
29.300000,22.495000,15.690000,18.300000,21.970000,16.200000,4.490000,74.748700
29.200000,22.350000,15.500000,18.150000,21.850000,14.200000,4.070000,74.836500
29.110000,22.215000,15.320000,18.000000,21.730000,12.400000,3.690000,74.908500
29.010000,22.075000,15.140000,17.850000,21.620000,10.800000,3.340000,74.964300
28.910000,21.940000,14.970000,17.700000,21.500000,9.400000,3.030000,75.003900
28.810000,21.805000,14.800000,17.560000,21.380000,8.200000,2.760000,75.027100
28.710000,21.670000,14.630000,17.420000,21.270000,7.300000,2.520000,75.034200
28.610000,21.535000,14.460000,17.280000,21.160000,6.500000,2.320000,75.025100
28.510000,21.405000,14.300000,17.140000,21.050000,5.900000,2.150000,75.000100
28.410000,21.270000,14.130000,17.010000,20.940000,5.500000,2.020000,74.959200
28.300000,21.135000,13.970000,16.880000,20.830000,5.200000,1.930000,74.902800
28.200000,21.010000,13.820000,16.750000,20.720000,5.200000,1.870000,74.831600
28.100000,20.880000,13.660000,16.620000,20.620000,5.200000,1.840000,74.746600
28.000000,20.755000,13.510000,16.490000,20.510000,5.400000,1.850000,74.648400
27.900000,20.630000,13.360000,16.370000,20.410000,5.600000,1.880000,74.537400
27.800000,20.510000,13.220000,16.250000,20.310000,5.900000,1.950000,74.414100
27.700000,20.385000,13.070000,16.130000,20.210000,6.300000,2.030000,74.278800
27.600000,20.265000,12.930000,16.010000,20.110000,6.700000,2.150000,74.132000
27.500000,20.145000,12.790000,15.900000,20.010000,7.100000,2.270000,73.973800
27.400000,20.025000,12.650000,15.780000,19.910000,7.500000,2.400000,73.804600
27.300000,19.910000,12.520000,15.680000,19.820000,7.800000,2.520000,73.624800
27.210000,19.800000,12.390000,15.570000,19.730000,8.200000,2.640000,73.435700
27.110000,19.680000,12.250000,15.460000,19.640000,8.600000,2.760000,73.258600
27.020000,19.570000,12.120000,15.360000,19.550000,9.000000,2.880000,73.070700
26.930000,19.460000,11.990000,15.260000,19.470000,9.300000,3.000000,72.872100
26.850000,19.360000,11.870000,15.170000,19.390000,9.700000,3.110000,72.662800
26.760000,19.250000,11.740000,15.070000,19.300000,10.000000,3.230000,72.443300
26.680000,19.150000,11.620000,14.980000,19.230000,10.200000,3.290000,72.213500
26.600000,19.050000,11.500000,14.890000,19.150000,10.300000,3.340000,71.973800
26.520000,18.955000,11.390000,14.810000,19.080000,10.400000,3.380000,71.724600
26.440000,18.860000,11.280000,14.730000,19.000000,10.400000,3.410000,71.465900
26.360000,18.765000,11.170000,14.650000,18.930000,10.400000,3.430000,71.198300
26.290000,18.675000,11.060000,14.590000,18.880000,10.400000,3.450000,70.891200
26.220000,18.590000,10.960000,14.520000,18.810000,10.400000,3.460000,70.575200
26.160000,18.510000,10.860000,14.460000,18.760000,10.300000,3.470000,70.250800
26.090000,18.430000,10.770000,14.410000,18.710000,10.200000,3.460000,69.918600
26.030000,18.355000,10.680000,14.350000,18.650000,10.100000,3.460000,69.579000
25.970000,18.280000,10.590000,14.300000,18.600000,10.000000,3.450000,69.232900
25.910000,18.210000,10.510000,14.260000,18.560000,9.900000,3.440000,68.881000
25.860000,18.145000,10.430000,14.220000,18.520000,9.700000,3.420000,68.524200
25.810000,18.080000,10.350000,14.180000,18.480000,9.500000,3.400000,68.163500
25.760000,18.020000,10.280000,14.140000,18.440000,9.300000,3.380000,67.799800
